{
  "loss": [
    0.0083626015111804,
    5.0285107136005536e-05,
    2.614548066048883e-05,
    1.55929501488572e-05,
    1.0941022082988638e-05,
    8.620627340860665e-06,
    5.425356448540697e-06,
    5.293860340316314e-06,
    4.278168944438221e-06,
    3.4837019029509975e-06,
    3.0988658181740902e-06,
    2.363826297369087e-06,
    2.042910864474834e-06,
    1.8774852605929482e-06,
    1.7887283547679544e-06,
    1.6342430626536952e-06,
    1.2695159057329874e-06,
    1.2768157375830924e-06,
    1.2037517080898397e-06,
    1.1669019386317814e-06,
    1.1200936569366604e-06,
    9.96862240754126e-07,
    9.883036682367674e-07,
    9.73192527453648e-07,
    9.538795211483375e-07,
    9.25080655633792e-07,
    8.927429462346481e-07,
    8.714554837752075e-07,
    8.981543260233593e-07,
    8.553805628253031e-07,
    8.591464393248316e-07,
    8.374569802072074e-07,
    8.355011118510447e-07,
    8.267756470559107e-07,
    8.211114845835255e-07,
    8.104227617877768e-07,
    8.02276304057159e-07,
    8.012847274585511e-07,
    8.02251406639698e-07,
    7.97746963598911e-07,
    7.967528858898731e-07,
    7.851416512494325e-07,
    7.884026445026393e-07,
    7.949124665174168e-07,
    7.816386755621352e-07,
    7.838802957849111e-07,
    7.791596203787776e-07,
    7.801439778631902e-07,
    7.801295396347996e-07,
    7.850354677430005e-07
  ],
  "movement_type_accuracy": [
    0.9992573857307434,
    1.0,
    1.0,
    1.0,
    1.0,
    1.0,
    1.0,
    1.0,
    1.0,
    1.0,
    1.0,
    1.0,
    1.0,
    1.0,
    1.0,
    1.0,
    1.0,
    1.0,
    1.0,
    1.0,
    1.0,
    1.0,
    1.0,
    1.0,
    1.0,
    1.0,
    1.0,
    1.0,
    1.0,
    1.0,
    1.0,
    1.0,
    1.0,
    1.0,
    1.0,
    1.0,
    1.0,
    1.0,
    1.0,
    1.0,
    1.0,
    1.0,
    1.0,
    1.0,
    1.0,
    1.0,
    1.0,
    1.0,
    1.0,
    1.0
  ],
  "movement_type_loss": [
    0.006458348128944635,
    1.1940167496504728e-05,
    3.4710690215433715e-06,
    1.4926517906133085e-06,
    4.895641723123845e-07,
    1.9978007514964702e-07,
    1.33431782955995e-07,
    2.533964504891628e-07,
    1.9437054632476247e-08,
    2.7032823979311615e-08,
    2.149116973271248e-08,
    1.9474061474511473e-08,
    9.481165186286944e-09,
    9.061401406995628e-09,
    5.170832650946977e-09,
    4.160628730431881e-09,
    2.882495353517811e-09,
    2.4592696767911093e-09,
    2.4780473228958044e-09,
    1.7068172430967365e-09,
    2.139117771804422e-09,
    1.1235257169062152e-09,
    9.058556127428119e-10,
    1.5879698667120579e-09,
    9.45881373226598e-10,
    9.9741170878076e-10,
    4.71724159734066e-10,
    9.537503009582338e-10,
    7.954991665393152e-10,
    6.948518982419216e-10,
    6.736317614830512e-10,
    5.602471264687381e-10,
    4.6323556102123575e-10,
    6.663540830231796e-10,
    4.729368563438641e-10,
    4.183670354596103e-10,
    4.4868372905959575e-10,
    3.728925224155688e-10,
    3.389671043851905e-10,
    3.801685910520547e-10,
    4.620230864560426e-10,
    2.8254962258777994e-10,
    2.831558598703765e-10,
    3.213546928559907e-10,
    4.6565704070467007e-10,
    3.06196346055998e-10,
    7.779119015616232e-10,
    4.2624950791214644e-10,
    4.753623605857626e-10,
    3.031648543316834e-10
  ],
  "quality_loss": [
    0.0038083596155047417,
    7.668899343116209e-05,
    4.53487882623449e-05,
    2.8200500310049392e-05,
    2.0902805772493593e-05,
    1.6841617252794094e-05,
    1.0583767107164022e-05,
    1.0080878382723313e-05,
    8.517415153619368e-06,
    6.913282504683593e-06,
    6.154720267659286e-06,
    4.688674380304292e-06,
    4.0668383007869124e-06,
    3.736826329259202e-06,
    3.5671007481141714e-06,
    3.2601603834336856e-06,
    2.5332553832413396e-06,
    2.548702241256251e-06,
    2.402536892986973e-06,
    2.330388042537379e-06,
    2.235890178781119e-06,
    1.9914693893952062e-06,
    1.974795623027603e-06,
    1.943203642440494e-06,
    1.9058703628616058e-06,
    1.848175429586263e-06,
    1.7845346746980795e-06,
    1.7409955717084813e-06,
    1.7947040760191157e-06,
    1.7093648239097092e-06,
    1.7171909121316276e-06,
    1.6737872101657558e-06,
    1.6700846572348382e-06,
    1.6522112673555966e-06,
    1.6412682271038648e-06,
    1.6199970787056373e-06,
    1.603654141035804e-06,
    1.6018178712329245e-06,
    1.6038144394769915e-06,
    1.5947248357406352e-06,
    1.5925717207210255e-06,
    1.5697322623964283e-06,
    1.5762408338559908e-06,
    1.5891777138676844e-06,
    1.5623442095602513e-06,
    1.5671434994146693e-06,
    1.5567516129522119e-06,
    1.55942723267799e-06,
    1.5593077478115447e-06,
    1.569457140249142e-06
  ],
  "quality_mae": [
    0.018221570178866386,
    0.002808603458106518,
    0.0018254106398671865,
    0.0012848400510847569,
    0.0010130451992154121,
    0.0008575621177442372,
    0.0006807935424149036,
    0.000631299801170826,
    0.0005722505738958716,
    0.0005257613374851644,
    0.0004956537741236389,
    0.00043443121830932796,
    0.0004007014213129878,
    0.0003848672204185277,
    0.00037474726559594274,
    0.0003581907076295465,
    0.0003156775492243469,
    0.00031797648989595473,
    0.00030822056578472257,
    0.0003021395532414317,
    0.0002940883277915418,
    0.00027642218628898263,
    0.0002747608523350209,
    0.0002733923611231148,
    0.0002699496108107269,
    0.00026566407177597284,
    0.00025889213429763913,
    0.00025527822435833514,
    0.00025825080228969455,
    0.00025276048108935356,
    0.00025395097327418625,
    0.00025049346731975675,
    0.00024912174558267,
    0.0002476655936334282,
    0.0002469500177539885,
    0.00024528647190891206,
    0.00024356442736461759,
    0.0002435984933981672,
    0.0002446881262585521,
    0.00024344376288354397,
    0.00024340374511666596,
    0.00024177519662771374,
    0.00024213768483605236,
    0.00024228665279224515,
    0.00024082284653559327,
    0.00024080026196315885,
    0.00024038652190938592,
    0.0002403755352133885,
    0.0002407845895504579,
    0.0002402214304311201
  ],
  "val_loss": [
    1.630474980629515e-05,
    1.189664180856198e-05,
    2.8388665668899193e-05,
    6.3433008108404465e-06,
    8.208387953345664e-06,
    4.295154212741181e-06,
    2.9319912755454425e-06,
    2.607659098430304e-06,
    2.233277882623952e-06,
    2.2306369373836787e-06,
    2.513666004233528e-06,
    1.74590161350352e-06,
    1.6331877077391255e-06,
    1.4365876950250822e-06,
    5.59928230359219e-06,
    3.0120859264570754e-06,
    1.3842296766597428e-06,
    1.3246997241367353e-06,
    1.3466982409227057e-06,
    1.4000379451317713e-06,
    1.2169419960628147e-06,
    1.2424660553733702e-06,
    1.1944958941967343e-06,
    1.1969787010457367e-06,
    1.274374994864047e-06,
    1.2153227544331457e-06,
    1.1679014733090298e-06,
    1.210140680996119e-06,
    1.153012249233143e-06,
    1.162497255791095e-06,
    1.3568115946327453e-06,
    1.149544232248445e-06,
    1.153725293079333e-06,
    1.2058111451551667e-06,
    1.1600719744819799e-06,
    1.1841945024571032e-06,
    1.1310023637634004e-06,
    1.1255413028266048e-06,
    1.1475821111162077e-06,
    1.185679025184072e-06,
    1.1272704796283506e-06,
    1.1416584584367229e-06,
    1.1214996220587636e-06,
    1.126874963119917e-06,
    1.1195141951247933e-06,
    1.12721113509906e-06,
    1.1336089755786816e-06,
    1.1294092701064073e-06,
    1.121750187849102e-06,
    1.1228135008423124e-06
  ],
  "val_movement_type_accuracy": [
    1.0,
    1.0,
    1.0,
    1.0,
    1.0,
    1.0,
    1.0,
    1.0,
    1.0,
    1.0,
    1.0,
    1.0,
    1.0,
    1.0,
    1.0,
    1.0,
    1.0,
    1.0,
    1.0,
    1.0,
    1.0,
    1.0,
    1.0,
    1.0,
    1.0,
    1.0,
    1.0,
    1.0,
    1.0,
    1.0,
    1.0,
    1.0,
    1.0,
    1.0,
    1.0,
    1.0,
    1.0,
    1.0,
    1.0,
    1.0,
    1.0,
    1.0,
    1.0,
    1.0,
    1.0,
    1.0,
    1.0,
    1.0,
    1.0,
    1.0
  ],