{
  "loss": [
    8.381418228149414,
    7.930406093597412,
    7.682310104370117,
    7.517212867736816,
    7.405411720275879,
    7.282749652862549,
    7.139782905578613,
    7.03499174118042,
    6.905040264129639,
    6.837832450866699,
    6.765101909637451,
    6.674259662628174,
    6.5925798416137695,
    6.5315022468566895,
    6.4515790939331055,
    6.3813700675964355,
    6.320487022399902,
    6.248090744018555,
    6.182228088378906,
    6.1141767501831055,
    6.051302433013916,
    6.0030436515808105,
    5.925429344177246,
    5.867588520050049,
    5.822352886199951,
    5.774783611297607,
    5.732203483581543,
    5.682729244232178,
    5.649001598358154,
    5.590925693511963,
    5.54349946975708,
    5.518385887145996,
    5.463552951812744,
    5.412884712219238,
    5.2670578956604,
    5.227383613586426,
    5.167180061340332,
    5.170086860656738,
    5.128173828125,
    5.097368240356445,
    5.0689520835876465,
    5.054597854614258,
    5.022832870483398,
    5.004730224609375,
    4.978620529174805,
    4.964626789093018,
    4.934666156768799,
    4.913808345794678,
    4.889669418334961,
    4.886785507202148
  ],
  "accuracy": [
    0.015004628337919712,
    0.031708087772130966,
    0.04295392706990242,
    0.05086314678192139,
    0.05929625779390335,
    0.06787686794996262,
    0.07780535519123077,
    0.09346611797809601,
    0.11559158563613892,
    0.1190146803855896,
    0.12240216135978699,
    0.12848031520843506,
    0.15625667572021484,
    0.15499526262283325,
    0.1645677089691162,
    0.1636369228363037,
    0.17200899124145508,
    0.17369256913661957,
    0.18235455453395844,
    0.18646939098834991,
    0.1919676959514618,
    0.190970778465271,
    0.19553320109844208,
    0.19839170575141907,
    0.1892058253288269,
    0.20492762327194214,
    0.20667731761932373,
    0.20524805784225464,
    0.21061411499977112,
    0.2136455625295639,
    0.2172365039587021,
    0.2118653506040573,
    0.21820290386676788,
    0.22151409089565277,
    0.23287692666053772,
    0.2381514310836792,
    0.24144227802753448,
    0.2376682311296463,
    0.24216961860656738,
    0.24395491182804108,
    0.24552150070667267,
    0.24599452316761017,
    0.24478398263454437,
    0.24715420603752136,
    0.24740344285964966,
    0.24842578172683716,
    0.24833422899246216,
    0.24716438353061676,
    0.25126394629478455,
    0.25152844190597534
  ],
  "top3_accuracy": [
    0.03869159519672394,
    0.08060791343450546,
    0.10180767625570297,
    0.11580521613359451,
    0.12342451512813568,
    0.13659298419952393,
    0.15691789984703064,
    0.189638152718544,
    0.22187013924121857,
    0.22415389120578766,
    0.22632066905498505,
    0.2342654913663864,
    0.27472203969955444,
    0.27162954211235046,
    0.2849760353565216,
    0.2845742106437683,
    0.29503676295280457,
    0.29568272829055786,
    0.3061147630214691,
    0.3124167025089264,
    0.31624162197113037,
    0.3165874779224396,
    0.32361167669296265,
    0.3261090815067291,
    0.3148784935474396,
    0.3328891396522522,
    0.3360884189605713,
    0.3357832431793213,
    0.34303122758865356,
    0.34478601813316345,
    0.34981128573417664,
    0.34505051374435425,
    0.3527613580226898,
    0.3552638292312622,
    0.36699286103248596,
    0.3747037351131439,
    0.3776232600212097,
    0.3748410642147064,
    0.3765805661678314,
    0.3805021345615387,
    0.3829282820224762,
    0.383253812789917,
    0.3823891580104828,
    0.3839404582977295,
    0.3837014138698578,
    0.38681933283805847,
    0.3861123323440552,
    0.3855680823326111,
    0.38778573274612427,
    0.39066967368125916
  ],
  "top5_accuracy": [
    0.056183431297540665,
    0.1174124926328659,
    0.1416233479976654,
    0.15817929804325104,
    0.1645117700099945,
    0.17581355571746826,
    0.20135702192783356,
    0.239239901304245,
    0.27250948548316956,
    0.27732113003730774,
    0.2788368761539459,
    0.2854846715927124,
    0.3285759389400482,
    0.32494431734085083,
    0.3386163115501404,
    0.3395674526691437,
    0.34975534677505493,
    0.3505081236362457,
    0.3615454137325287,
    0.36863064765930176,
    0.37213513255119324,
    0.3737068176269531,
    0.3802071213722229,
    0.3846474587917328,
    0.37284722924232483,
    0.39060863852500916,
    0.39412328600883484,
    0.39282625913619995,
    0.4021444022655487,
    0.4024902582168579,
    0.4076783061027527,
    0.4026784598827362,
    0.4121491611003876,
    0.41423964500427246,
    0.4255668818950653,
    0.4336337745189667,
    0.43659400939941406,
    0.4344068765640259,
    0.43606501817703247,
    0.44017985463142395,
    0.44285017251968384,
    0.44297224283218384,
    0.44304344058036804,
    0.44273826479911804,
    0.44482874870300293,
    0.44615626335144043,
    0.4481145143508911,
    0.44643092155456543,
    0.4484959840774536,
    0.4506627321243286
  ],
  "val_loss": [
    7.498703956604004,
    7.459738731384277,
    6.198509693145752,
    6.617781162261963,
    5.947826385498047,
    6.082499980926514,
    5.370405197143555,
    5.373473167419434,
    5.197777271270752,
    5.1575822830200195,
    5.170701026916504,
    4.963222026824951,
    4.850796699523926,
    4.8456645011901855,
    4.9930925369262695,
    4.797214508056641,
    4.6523871421813965,
    4.713371276855469,
    4.692987442016602,
    4.551929950714111,
    4.547712802886963,
    4.536118507385254,
    4.525177955627441,
    4.474573612213135,
    4.476034164428711,
    4.495447158813477,
    4.477618217468262,
    4.448781490325928,
    4.3716936111450195,
    4.494396209716797,
    4.398324489593506,
    4.439104080200195,
    4.374320983886719,
    4.5948710441589355,
    4.301759719848633,
    4.253854751586914,
    4.259066104888916,
    4.300708293914795,
    4.290209770202637,
    4.240817546844482,
    4.238746166229248,
    4.21765661239624,
    4.24945592880249,
    4.213723182678223,
    4.243557453155518,
    4.20982027053833,
    4.1976823806762695,
    4.2381062507629395,
    4.228128433227539,
    4.214201927185059
  ],
  "val_accuracy": [
    0.03052201122045517,
    0.02392951026558876,
    0.07242242991924286,
    0.040347374975681305,
    0.07058413326740265,
    0.06969667971134186,
    0.09758803248405457,
    0.1296313852071762,
    0.15923425555229187,
    0.16357643902301788,
    0.15333904325962067,
    0.1581566333770752,
    0.18050141632556915,
    0.17755380272865295,
    0.1520712524652481,
    0.18756933510303497,
    0.20674464106559753,
    0.20858292281627655,
    0.19606351852416992,
    0.2243669033050537,
    0.22240182757377625,
    0.21967607736587524,
    0.2315932959318161,
    0.23336820304393768,
    0.23479445278644562,
    0.22560299932956696,
    0.2360939383506775,
    0.24303509294986725,
    0.25371620059013367,
    0.23232227563858032,
    0.24192577600479126,
    0.23853443562984467,
    0.246965229511261,
    0.20535007119178772,
    0.2653481662273407,
    0.2678837478160858,
    0.26705968379974365,
    0.2670913636684418,
    0.26835915446281433,
    0.2758074104785919,
    0.27888181805610657,
    0.27818453311920166,
    0.27545878291130066,
    0.2814807891845703,
    0.27409592270851135,
    0.2798009514808655,
    0.2796741724014282,
    0.2771703004837036,
    0.27815282344818115,
    0.2814173996448517
  ],